"Name";"Age";"total_games"
"David Aardsma";33;33.0
"Fernando Abad";29;62.0
"Jose Abreu";28;154.0
"A.J. Achter";26;11.0
"Dustin Ackley";27;216.0
"Cristhian Adames";23;26.0
"Austin Adams";28;28.0
"Matt Adams";26;60.0
"Nathan Adcock";27;13.0
"Ehire Adrianza";25;52.0
"Jeremy Affeldt";36;52.0
"Jesus Aguilar";25;7.0
"Nick Ahmed";25;134.0
"Andrew Albers";29;1.0
"Matt Albers";32;30.0
"Hanser Alberto";22;41.0
"Al Alburquerque";29;67.0
"Arismendy Alcantara";23;11.0
"Scott Alexander";25;4.0
"Cody Allen";26;70.0
"Abraham Almonte";26;164.0
"Miguel Almonte";22;9.0
"Yonder Alonso";28;103.0
"Aaron Altherr";24;39.0
"Jose Altuve";25;154.0
"Dariel Alvarez";26;12.0
"Dario Alvarez";26;6.0
"Henderson Alvarez";25;4.0
"Jose Alvarez";26;64.0
"Pedro Alvarez";28;150.0
"R.J. Alvarez";24;21.0
"Alexi Amarista";26;118.0
"Brett Anderson";27;31.0
"Bryan Anderson";28;4.0
"Chase Anderson";27;28.0
"Cody Anderson";24;15.0
"Matt Andriese";25;25.0
"Elvis Andrus";26;160.0
"Dean Anna";28;1.0
"Nori Aoki";33;93.0
"Elvis Araujo";23;40.0
"Chris Archer";26;34.0
"Oswaldo Arcia";24;19.0
"Nolan Arenado";24;157.0
"J.P. Arencibia";29;24.0
"Joaquin Arias";30;40.0
"Shawn Armstrong";24;8.0
"Jonathan Aro";24;6.0
"Jake Arrieta";29;33.0
"Cody Asche";25;129.0
"Alec Asher";23;7.0
"Nevin Ashley";30;12.0
"Scott Atchison";39;23.0
"Alex Avila";28;67.0
"Luis Avilan";25;146.0
"Mike Aviles";34;98.0
"Dylan Axelrod";29;6.0
"John Axford";32;60.0
"Erick Aybar";31;156.0
"Burke Badenhop";32;68.0
"Javier Baez";22;28.0
"Pedro Baez";27;52.0
"Andrew Bailey";31;10.0
"Homer Bailey";29;2.0
"Jeff Baker";34;41.0
"Scott Baker";33;2.0
"Collin Balester";29;15.0
"Grant Balfour";37;6.0
"Jett Bandy";25;2.0
"Manny Banuelos";24;7.0
"Clint Barmes";36;98.0
"Austin Barnes";25;20.0
"Brandon Barnes";29;106.0
"Matt Barnes";25;32.0
"Darwin Barney";29;34.0
"Tucker Barnhart";24;81.0
"Steven Baron";24;4.0
"Kyle Barraclough";25;25.0
"Aaron Barrett";27;40.0
"Yhonathan Barrios";23;5.0
"Anthony Bass";27;33.0
"Chris Bassitt";26;18.0
"Antonio Bastardo";29;66.0
"Trevor Bauer";24;31.0
"Jose Bautista";34;153.0
"Mike Baxter";30;34.0
"Brandon Beachy";28;2.0
"Chris Beck";24;1.0
"Gordon Beckham";28;100.0
"Tim Beckham";25;82.0
"Cam Bedrosian";23;34.0
"Dallas Beeler";26;3.0
"Joe Beimel";38;53.0
"Ronald Belisario";32;6.0
"Matt Belisle";35;34.0
"Jeff Beliveau";28;5.0
"Andrew Bellatti";23;17.0
"Brandon Belt";27;137.0
"Carlos Beltran";38;133.0
"Adrian Beltre";36;143.0
"Joaquin Benoit";37;67.0
"Christian Bergman";27;30.0
"Doug Bernier";35;4.0
"Quintin Berry";30;8.0
"Dellin Betances";27;74.0
"Rafael Betancourt";40;45.0
"Christian Bethancourt";23;48.0
"Chad Bettis";26;20.0
"Mookie Betts";22;145.0
"Jeff Bianchi";28;3.0
"Chad Billingsley";30;7.0
"Greg Bird";22;46.0
"Charlie Blackmon";28;157.0
"Carson Blair";25;11.0
"Andres Blanco";31;106.0
"Gregor Blanco";31;115.0
"Kyle Blanks";28;18.0
"Joe Blanton";34;72.0
"Michael Blazek";26;45.0
"Jerry Blevins";31;7.0
"Willie Bloomquist";37;35.0
"Brett Bochy";27;4.0
"Brennan Boesch";30;51.0
"Xander Bogaerts";22;156.0
"Brian Bogusevic";31;22.0
"Mike Bolsinger";27;21.0
"Emilio Bonifacio";30;47.0
"Justin Bour";27;129.0
"Jason Bourgeois";33;68.0
"Peter Bourjos";28;117.0
"Michael Bourn";32;282.0
"Brad Boxberger";27;69.0
"Matt Boyd";24;26.0
"Blaine Boyer";33;68.0
"Brad Brach";29;62.0
"Silvino Bracho";22;13.0
"Archie Bradley";22;8.0
"Jackie Bradley";25;74.0
"Michael Brantley";28;137.0
"Rob Brantly";25;14.0
"Ryan Braun";31;140.0
"Craig Breslow";34;45.0
"Ryan Brett";23;3.0
"Jake Brigham";27;12.0
"Reid Brignac";29;17.0
"Socrates Brito";22;18.0
"Zach Britton";27;64.0
"Mike Broadway";28;21.0
"Aaron Brooks";25;26.0
"Rex Brothers";27;17.0
"Brooks Brown";30;36.0
"Domonic Brown";27;63.0
"Trevor Brown";23;13.0
"Jonathan Broxton";31;132.0
"Keon Broxton";25;7.0
"Jay Bruce";28;157.0
"Kris Bryant";23;151.0
"David Buchanan";26;15.0
"Jake Buchanan";25;5.0
"Clay Buchholz";30;18.0
"Mark Buehrle";36;32.0
"Madison Bumgarner";25;36.0
"Danny Burawa";26;26.0
"Enrique Burgos";24;30.0
"A.J. Burnett";38;26.0
"Billy Burns";25;125.0
"Emmanuel Burriss";30;5.0
"Drew Butera";31;110.0
"Billy Butler";29;151.0
"Eddie Butler";24;16.0
"Joey Butler";29;88.0
"Byron Buxton";21;46.0
"Marlon Byrd";37;270.0
"Cesar Cabral";26;2.0
"Asdrubal Cabrera";29;143.0
"Everth Cabrera";28;29.0
"Melky Cabrera";30;158.0
"Miguel Cabrera";32;119.0
"Ramon Cabrera";25;13.0
"Trevor Cahill";27;52.0
"Lorenzo Cain";29;140.0
"Matt Cain";30;13.0
"Kole Calhoun";27;159.0
"Orlando Calixte";23;2.0
"Alberto Callaspo";32;194.0
"Arquimedes Caminero";28;73.0
"Eric Campbell";28;71.0
"Leonel Campos";27;1.0
"Mark Canha";26;124.0
"Robinson Cano";32;156.0
"Carter Capps";24;30.0
"Chris Capuano";36;22.0
"Buddy Carlyle";37;11.0
"Matt Carpenter";29;154.0
"Carlos Carrasco";28;30.0
"Ezequiel Carrera";28;91.0
"Scott Carroll";30;18.0
"Chris Carter";28;129.0
"Curt Casali";26;38.0
"Andrew Cashner";28;38.0
"Santiago Casilla";34;67.0
"Nick Castellanos";23;154.0
"Rusney Castillo";27;80.0
"Welington Castillo";28;324.0
"Angel Castro";32;5.0
"Daniel Castro";22;33.0
"Jason Castro";28;104.0
"Miguel Castro";20;36.0
"Simon Castro";27;11.0
"Starlin Castro";25;151.0
"Garin Cecchini";24;2.0
"Brett Cecil";28;63.0
"Darrell Ceciliani";25;39.0
"Xavier Cedeno";28;132.0
"Juan Centeno";25;10.0
"Francisco Cervelli";29;130.0
"Yoenis Cespedes";29;318.0
"Jhoulys Chacin";27;5.0
"Andrew Chafin";25;66.0
"Joba Chamberlain";29;72.0
"Aroldis Chapman";27;65.0
"Kevin Chapman";27;3.0
"Jesse Chavez";31;30.0
"Bruce Chen";38;2.0
"Wei-Yin Chen";29;31.0
"Robinson Chirinos";31;78.0
"Lonnie Chisenhall";26;106.0
"Michael Choice";25;1.0
"Shin-Soo Choo";32;149.0
"Tony Cingrani";25;35.0
"Pedro Ciriaco";29;84.0
"Steve Cishek";29;118.0
"Alex Claudio";23;18.0
"Steve Clevenger";29;30.0
"Tyler Clippard";30;138.0
"Chris Coghlan";30;148.0
"Phil Coke";32;36.0
"Chris Colabello";31;101.0
"A.J. Cole";23;3.0
"Gerrit Cole";24;33.0
"Dusty Coleman";28;4.0
"Louis Coleman";29;4.0
"Tyler Collins";25;60.0
"Josh Collmenter";29;44.0
"Alex Colome";26;43.0
"Bartolo Colon";42;33.0
"Christian Colon";26;43.0
"Michael Conforto";22;56.0
"Hank Conger";27;73.0
"Adam Conley";25;15.0
"Carlos Contreras";24;22.0
"Ryan Cook";28;18.0
"Tim Cooney";24;6.0
"Scott Copeland";27;5.0
"Patrick Corbin";25;16.0
"John Cornely";26;1.0
"Carlos Corporan";31;33.0
"Carlos Correa";20;99.0
"Kevin Correia";34;5.0
"Jarred Cosart";25;15.0
"Caleb Cotham";27;12.0
"Neal Cotts";35;136.0
"Daniel Coulombe";25;28.0
"Kaleb Cowart";23;34.0
"Collin Cowgill";29;55.0
"Zack Cozart";29;53.0
"Allen Craig";30;36.0
"Tyler Cravy";25;14.0
"Brandon Crawford";28;143.0
"Carl Crawford";33;69.0
"Coco Crisp";35;44.0
"Kyle Crockett";23;31.0
"C.J. Cron";25;113.0
"Nelson Cruz";34;152.0
"Tony Cruz";28;69.0
"Michael Cuddyer";36;117.0
"Johnny Cueto";29;64.0
"Brandon Cunniff";26;39.0
"Todd Cunningham";26;39.0
"Cheslor Cuthbert";22;19.0
"Chase d'Arnaud";28;11.0
"Travis d'Arnaud";26;67.0
"John Danks";30;30.0
"Jordan Danks";28;4.0
"Kyle Davies";31;1.0
"Zach Davies";22;6.0
"Chris Davis";29;160.0
"Ike Davis";28;74.0
"Khris Davis";27;121.0
"Rajai Davis";34;112.0
"Wade Davis";29;69.0
"Alejandro De Aza";31;318.0
"Justin De Fratus";27;61.0
"Ivan De Jesus";28;76.0
"Jorge De La Rosa";34;26.0
"Rubby De La Rosa";26;32.0
"Abel De Los Santos";22;2.0
"Jose De Paula";27;1.0
"Cody Decker";28;8.0
"Jaff Decker";25;23.0
"Sam Deduno";31;9.0
"Jacob deGrom";27;31.0
"David DeJesus";35;224.0
"Steve Delabar";31;31.0
"Randall Delgado";25;64.0
"Matt den Dekker";27;55.0
"Chris Denorfia";34;103.0
"Daniel Descalso";28;101.0
"Anthony DeSclafani";25;31.0
"Delino DeShields";22;121.0
"Ian Desmond";29;156.0
"Odrisamer Despaigne";28;34.0
"Ross Detwiler";29;82.0
"Elias Diaz";24;2.0
"Jairo Diaz";24;21.0
"Jonathan Diaz";30;7.0
"Jumbo Diaz";31;61.0
"Alex Dickerson";25;11.0
"Corey Dickerson";26;65.0
"R.A. Dickey";40;33.0
"Jake Diekman";28;134.0
"Derek Dietrich";25;90.0
"Wilmer Difo";23;15.0
"Chris Dominguez";28;14.0
"Jose Dominguez";24;4.0
"Josh Donaldson";29;158.0
"Sean Doolittle";28;12.0
"Danny Dorn";30;23.0
"Felix Doubront";27;32.0
"Brian Dozier";28;157.0
"Kyle Drabek";27;3.0
"Oliver Drake";28;13.0
"Stephen Drew";32;131.0
"Brandon Drury";22;20.0
"Lucas Duda";29;135.0
"Brian Duensing";32;55.0
"Tyler Duffey";24;10.0
"Danny Duffy";26;30.0
"Zach Duke";32;71.0
"Ryan Dull";25;13.0
"Mike Dunn";30;72.0
"Adam Duvall";26;27.0
"Allan Dykstra";28;13.0
"Jarrod Dyson";30;90.0
"Sam Dyson";27;150.0
"Ed Easley";29;4.0
"Adam Eaton";26;153.0
"Carl Edwards";23;5.0
"Jon Edwards";27;44.0
"Jerad Eickhoff";24;8.0
"Roenis Elias";26;22.0
"Brian Ellington";24;23.0
"A.J. Ellis";34;63.0
"Jacoby Ellsbury";31;111.0
"Jake Elmore";28;51.0
"Edwin Encarnacion";32;146.0
"Nathan Eovaldi";25;27.0
"Robbie Erlin";24;3.0
"Alcides Escobar";28;148.0
"Eduardo Escobar";26;127.0
"Yunel Escobar";32;139.0
"Danny Espinosa";28;118.0
"Marco Estrada";31;34.0
"Andre Ethier";33;142.0
"Dana Eveland";31;10.0
"Jeurys Familia";25;76.0
"Buck Farmer";24;14.0
"Danny Farquhar";28;43.0
"Andrew Faulkner";22;11.0
"Taylor Featherston";25;101.0
"Scott Feldman";32;18.0
"Michael Feliz";22;5.0
"Neftali Feliz";27;96.0
"Jose Fernandez";22;11.0
"Jeff Ferrell";24;9.0
"Thomas Field";28;14.0
"Prince Fielder";31;158.0
"Daniel Fields";24;1.0
"Josh Fields";29;54.0
"Casey Fien";31;62.0
"Mike Fiers";30;62.0
"Cole Figueroa";28;2.0
"Brandon Finnegan";22;40.0
"Doug Fister";31;29.0
"Ryan Flaherty";28;91.0
"Yohan Flande";29;19.0
"Kendry Flores";23;7.0
"Ramon Flores";23;12.0
"Wilmer Flores";23;137.0
"Pedro Florimon";28;24.0
"Tyler Flowers";29;112.0
"Gavin Floyd";32;7.0
"Mike Foltynewicz";23;18.0
"Logan Forsythe";28;153.0
"Dexter Fowler";29;156.0
"Jeff Francis";34;14.0
"Maikel Franco";22;80.0
"Jeff Francoeur";31;119.0
"Kevin Frandsen";33;7.0
"Nick Franklin";24;44.0
"Jason Frasor";37;64.0
"Todd Frazier";29;157.0
"Freddie Freeman";25;118.0
"Sam Freeman";28;54.0
"David Freese";32;121.0
"Carlos Frias";25;17.0
"Christian Friedrich";27;68.0
"Ernesto Frieri";29;22.0
"Eric Fryer";29;15.0
"Kyuji Fujikawa";34;2.0
"Sam Fuld";33;120.0
"Charlie Furbush";29;33.0
"Rocky Gale";27;11.0
"Yovani Gallardo";29;33.0
"Joey Gallo";21;36.0
"Freddy Galvis";25;151.0
"Frank Garces";25;40.0
"Adonis Garcia";30;58.0
"Avisail Garcia";24;148.0
"Greg Garcia";25;49.0
"Jaime Garcia";28;20.0
"Leury Garcia";24;18.0
"Luis Garcia";28;72.0
"Yimi Garcia";24;59.0
"Brett Gardner";31;151.0
"Dustin Garneau";27;22.0
"Matt Garza";31;26.0
"Evan Gattis";28;153.0
"Kevin Gausman";24;25.0
"Cory Gearrin";29;7.0
"Dillon Gee";29;8.0
"Steve Geltz";27;70.0
"Scooter Gennett";25;114.0
"Craig Gentry";31;26.0
"Gonzalez Germen";27;70.0
"Johnny Giavotella";27;129.0
"Kyle Gibson";27;32.0
"Ken Giles";24;69.0
"Conor Gillaspie";27;150.0
"Cole Gillespie";31;67.0
"Sean Gilmartin";25;50.0
"Chris Gimenez";32;36.0
"Mychal Givens";25;22.0
"Zack Godley";25;9.0
"Erik Goeddel";26;35.0
"David Goforth";26;20.0
"Ryan Goins";27;128.0
"Paul Goldschmidt";27;159.0
"Brandon Gomes";30;64.0
"Jonny Gomes";34;190.0
"Yan Gomes";27;95.0
"Carlos Gomez";29;230.0
"Hector Gomez";27;66.0
"Jeanmar Gomez";27;65.0
"Marco Gonzales";23;1.0
"Adrian Gonzalez";33;156.0
"Carlos Gonzalez";29;153.0
"Chi Chi Gonzalez";23;14.0
"Gio Gonzalez";29;31.0
"Marwin Gonzalez";26;120.0
"Miguel Gonzalez";31;26.0
"Severino Gonzalez";22;7.0
"Nick Goody";23;7.0
"Alex Gordon";31;104.0
"Dee Gordon";27;145.0
"Terrance Gore";24;9.0
"Tom Gorzelanny";32;48.0
"Anthony Gose";24;140.0
"Tuffy Gosewisch";31;38.0
"Philip Gosselin";26;88.0
"Trevor Gott";22;48.0
"Matt Grace";26;26.0
"J.R. Graham";25;39.0
"Yasmani Grandal";26;115.0
"Curtis Granderson";34;157.0
"Kendall Graveman";24;21.0
"Jon Gray";23;9.0
"Sonny Gray";25;31.0
"Grant Green";27;21.0
"Shane Greene";26;18.0
"Nick Greenwood";27;1.0
"Luke Gregerson";31;64.0
"Kevin Gregg";37;11.0
"Didi Gregorius";25;155.0
"Zack Greinke";31;32.0
"Randal Grichuk";23;103.0
"Jason Grilli";38;36.0
"Justin Grimm";26;62.0
"Robbie Grossman";25;24.0
"Mayckol Guaipe";24;21.0
"Deolis Guerra";26;10.0
"Javy Guerra";29;3.0
"Junior Guerra";30;3.0
"Alex Guerrero";28;106.0
"Preston Guilmet";27;10.0
"Jason Gurka";27;10.0
"Jeremy Guthrie";36;30.0
"Franklin Gutierrez";32;59.0
"Brandon Guyer";29;128.0
"Jedd Gyorko";26;128.0
"Nick Hagadone";29;36.0
"Matt Hague";29;10.0
"Jesse Hahn";25;16.0
"David Hale";27;17.0
"Cody Hall";27;7.0
"Cole Hamels";31;64.0
"Billy Hamilton";24;114.0
"Josh Hamilton";34;50.0
"Jason Hammel";32;32.0
"Brad Hand";25;38.0
"Donovan Hand";29;1.0
"Ryan Hanigan";34;54.0
"J.A. Happ";32;64.0
"Aaron Harang";37;29.0
"Blaine Hardy";28;70.0
"J.J. Hardy";32;114.0
"Dan Haren";34;66.0
"Bryce Harper";22;153.0
"Mitch Harris";29;26.0
"Will Harris";30;68.0
"Josh Harrison";27;114.0
"Matt Harrison";29;3.0
"Corey Hart";33;35.0
"Matt Harvey";26;29.0
"Chris Hatcher";30;49.0
"Marcus Hatley";27;2.0
"LaTroy Hawkins";42;84.0
"Brett Hayes";31;14.0
"Chase Headley";31;156.0
"Andrew Heaney";24;18.0
"Slade Heathcott";24;17.0
"Adeiny Hechavarria";26;130.0
"Austin Hedges";22;56.0
"Chris Heisey";30;33.0
"Jeremy Hellickson";28;29.0
"Heath Hembree";26;22.0
"Kyle Hendricks";25;32.0
"Cesar Hernandez";25;127.0
"David Hernandez";30;40.0
"Enrique Hernandez";23;76.0
"Felix Hernandez";29;31.0
"Gorkys Hernandez";27;8.0
"Oscar Hernandez";21;18.0
"Roberto Hernandez";34;20.0
"Dilson Herrera";21;31.0
"Elian Herrera";30;83.0
"Jonathan Herrera";30;73.0
"Kelvin Herrera";25;72.0
"Odubel Herrera";23;147.0
"Chris Herrmann";27;45.0
"Keith Hessler";26;18.0
"Chris Heston";27;31.0
"Jason Heyward";25;154.0
"Aaron Hicks";25;97.0
"John Hicks";25;17.0
"Aaron Hill";33;116.0
"Rich Hill";35;4.0
"Taylor Hill";26;6.0
"Dalier Hinojosa";29;38.0
"Luke Hochevar";31;50.0
"L.J. Hoes";25;8.0
"Bryan Holaday";27;24.0
"Derek Holland";28;10.0
"Greg Holland";29;48.0
"Matt Holliday";35;73.0
"David Holmberg";23;6.0
"Brock Holt";27;129.0
"Tyler Holt";26;28.0
"J.J. Hoover";27;67.0
"Eric Hosmer";25;158.0
"T.J. House";25;4.0
"Adrian Houser";22;2.0
"Ryan Howard";35;129.0
"J.P. Howell";32;65.0
"Daniel Hudson";28;64.0
"Tim Hudson";39;24.0
"David Huff";30;3.0
"Phil Hughes";29;27.0
"Nick Hundley";31;103.0
"Tommy Hunter";28;116.0
"Torii Hunter";39;139.0
"Drew Hutchison";24;31.0
"Colt Hynes";30;5.0
"Chris Iannetta";32;92.0
"Edgar Ibarra";26;2.0
"Jose Iglesias";25;120.0
"Raisel Iglesias";25;18.0
"Ender Inciarte";24;132.0
"Omar Infante";33;124.0
"Travis Ishikawa";31;88.0
"Hisashi Iwakuma";34;20.0
"Austin Jackson";28;272.0
"Edwin Jackson";31;94.0
"Jay Jackson";27;6.0
"Luke Jackson";23;7.0
"Ryan Jackson";27;22.0
"Juan Jaime";27;2.0
"Paul Janish";32;14.0
"Travis Jankowski";24;34.0
"Kenley Jansen";27;54.0
"Casey Janssen";33;48.0
"John Jaso";31;70.0
"Jon Jay";30;79.0
"Jeremy Jeffress";27;72.0
"Chad Jenkins";27;2.0
"Dan Jennings";28;53.0
"Desmond Jennings";28;28.0
"Kevin Jepsen";30;150.0
"Cesar Jimenez";30;38.0
"Luis Jimenez";27;32.0
"Ubaldo Jimenez";31;32.0
"Brian Johnson";24;1.0
"Chris Johnson";30;166.0
"Dan Johnson";35;12.0
"Erik Johnson";25;6.0
"Jim Johnson";32;144.0
"Kelly Johnson";33;222.0
"Micah Johnson";24;36.0
"Reed Johnson";38;17.0
"Steve Johnson";27;6.0
"Adam Jones";29;137.0
"Garrett Jones";34;57.0
"James Jones";26;28.0
"Nate Jones";29;19.0
"Taylor Jordan";26;4.0
"Caleb Joseph";29;100.0
"Matthew Joyce";30;93.0
"Taylor Jungmann";25;21.0
"Tommy Kahnle";25;36.0
"Jung Ho Kang";28;126.0
"Nate Karns";27;27.0
"Munenori Kawasaki";34;23.0
"Scott Kazmir";31;62.0
"Keone Kela";22;68.0
"Shawn Kelley";31;53.0
"Casey Kelly";25;3.0
"Don Kelly";35;2.0
"Joe Kelly";27;25.0
"Ryan Kelly";27;17.0
"Matt Kemp";30;154.0
"Howie Kendrick";31;117.0
"Kyle Kendrick";30;27.0
"Ian Kennedy";30;30.0
"Logan Kensing";32;19.0
"Max Kepler";22;3.0
"Clayton Kershaw";27;34.0
"Dallas Keuchel";27;33.0
"Kevin Kiermaier";25;151.0
"Craig Kimbrel";27;61.0
"Ian Kinsler";33;154.0
"Brandon Kintzler";30;7.0
"Jason Kipnis";28;141.0
"Phil Klein";26;11.0
"Corey Kluber";29;32.0
"Corey Knebel";23;48.0
"Guido Knudson";25;4.0
"Tom Koehler";29;32.0
"Michael Kohn";29;6.0
"George Kontos";30;73.0
"Pete Kozma";27;76.0
"Erik Kratz";35;32.0
"Marc Krauss";27;54.0
"Ian Krol";24;33.0
"Kyle Kubitza";24;19.0
"Tommy La Stella";26;33.0
"John Lackey";36;33.0
"Tyler Ladendorf";27;9.0
"Aaron Laffey";30;3.0
"Bobby LaFromboise";29;11.0
"Juan Lagares";26;143.0
"Gerald Laird";35;1.0
"Junior Lake";25;58.0
"Ryan LaMarre";26;21.0
"Jake Lamb";24;107.0
"John Lamb";24;10.0
"Andrew Lambo";26;20.0
"Adam LaRoche";35;127.0
"Mat Latos";27;70.0
"Ryan Lavarnway";27;74.0
"Brett Lawrie";25;149.0
"Tommy Layne";30;64.0
"Raudel Lazo";26;7.0
"Mike Leake";27;74.0
"Jack Leathersich";24;17.0
"Sam LeCure";31;19.0
"C.C. Lee";28;2.0
"Zach Lee";23;1.0
"DJ LeMahieu";26;150.0
"Arnold Leon";26;19.0
"Sandy Leon";26;41.0
"Dominic Leone";23;26.0
"Jon Lester";31;32.0
"Colby Lewis";35;33.0
"Adam Liberatore";28;39.0
"Tim Lincecum";31;16.0
"Adam Lind";31;149.0
"Jacob Lindgren";22;7.0
"Francisco Lindor";21;99.0
"Francisco Liriano";31;31.0
"Radhames Liz";31;14.0
"Jose Lobaton";30;44.0
"Kyle Lobstein";25;13.0
"Jeff Locke";27;30.0
"Adam Loewen";31;20.0
"Boone Logan";30;60.0
"Kyle Lohse";36;41.0
"Ryan Lollis";28;5.0
"Steve Lombardozzi";26;12.0
"James Loney";31;104.0
"Evan Longoria";29;160.0
"Jorge Lopez";22;2.0
"Michael Lorenzen";23;33.0
"David Lough";29;84.0
"Aaron Loup";27;60.0
"Mark Lowe";32;114.0
"Jed Lowrie";31;69.0
"Jonathan Lucroy";29;103.0
"Lucas Luetge";28;1.0
"Jordan Lyles";24;11.0
"Lance Lynn";28;31.0
"Tyler Lyons";27;17.0
"Dixon Machado";23;24.0
"Manny Machado";22;162.0
"Jean Machi";33;118.0
"Ryan Madson";34;68.0
"Mikie Mahtook";25;41.0
"Luke Maile";24;15.0
"Martin Maldonado";28;79.0
"Seth Maness";26;77.0
"Jeff Manship";30;32.0
"Shaun Marcum";33;7.0
"Sugar Ray Marimon";26;16.0
"Michael Mariot";26;2.0
"Jake Marisnick";24;133.0
"Nick Markakis";31;156.0
"Matt Marksberry";24;31.0
"Jason Marquis";36;10.0
"Deven Marrero";24;25.0
"Evan Marshall";25;13.0
"Alfredo Marte";26;5.0
"Jefry Marte";24;33.0
"Ketel Marte";21;57.0
"Starling Marte";26;153.0
"Chris Martin";29;24.0
"Cody Martin";25;4.0
"Leonys Martin";27;95.0
"Rafael Martin";31;13.0
"Russell Martin";32;129.0
"Carlos Martinez";23;32.0
"J.D. Martinez";27;158.0
"Michael Martinez";32;16.0
"Nick Martinez";24;24.0
"Victor Martinez";36;120.0
"Nick Masset";33;56.0
"Justin Masterson";30;18.0
"Marcos Mateo";31;26.0
"Jeff Mathis";32;32.0
"Ryan Mattheus";31;116.0
"Brian Matusz";28;58.0
"Steven Matz";24;6.0
"Tyler Matzek";24;6.0
"Joe Mauer";32;158.0
"Brandon Maurer";24;53.0
"Justin Maxwell";31;100.0
"Trevor May";25;48.0
"John Mayberry";31;59.0
"Cameron Maybin";28;141.0
"Vin Mazzaro";28;10.0
"Cory Mazzoni";25;8.0
"Zach McAllister";27;61.0
"Matt McBride";30;20.0
"Brian McCann";31;135.0
"James McCann";25;114.0
"Brandon McCarthy";31;4.0
"Lance McCullers";21;22.0
"Andrew McCutchen";28;157.0
"T.J. McFarland";26;30.0
"Jake McGee";28;39.0
"Casey McGehee";32;218.0
"Scott McGough";25;6.0
"Dustin McGowan";33;14.0
"Collin McHugh";28;32.0
"Michael McKenry";30;58.0
"Andrew McKirahan";25;27.0
"Yoervis Medina";26;34.0
"Jenrry Mejia";25;7.0
"Mark Melancon";30;78.0
"Roman Mendez";24;30.0
"Jordy Mercer";28;116.0
"Devin Mesoraco";27;23.0
"Alex Meyer";25;2.0
"Will Middlebrooks";26;83.0
"Wade Miley";28;32.0
"Andrew Miller";30;60.0
"Brad Miller";25;144.0
"Justin Miller";28;34.0
"Shelby Miller";24;33.0
"Brad Mills";30;1.0
"Tommy Milone";28;24.0
"Bryan Mitchell";24;20.0
"Yadier Molina";32;136.0
"Johnny Monell";29;27.0
"Frankie Montas";22;7.0
"Jesus Montero";25;38.0
"Miguel Montero";31;113.0
"Rafael Montero";24;5.0
"Mike Montgomery";25;16.0
"Adam Moore";31;1.0
"Matt Moore";26;12.0
"Tyler Moore";28;97.0
"Franklin Morales";29;67.0
"Kendrys Morales";32;158.0
"Brent Morel";28;3.0
"Mitch Moreland";29;132.0
"Diego Moreno";27;4.0
"Adam Morgan";25;15.0
"Mike Morin";24;47.0
"Justin Morneau";34;49.0
"Akeel Morris";22;1.0
"Bryan Morris";28;67.0
"Logan Morrison";27;146.0
"Brandon Morrow";30;5.0
"Mike Morse";33;196.0
"Charlie Morton";31;23.0
"Jon Moscot";23;3.0
"Brandon Moss";31;290.0
"Jason Motte";33;57.0
"Mike Moustakas";26;147.0
"Steven Moya";23;9.0
"Peter Moylan";36;22.0
"Edward Mujica";31;98.0
"Max Muncy";24;45.0
"Daniel Muno";26;17.0
"Toru Murata";30;1.0
"Daniel Murphy";30;130.0
"David Murphy";33;264.0
"John Ryan Murphy";24;67.0
"Tom Murphy";24;11.0
"Colton Murray";25;8.0
"Wil Myers";24;60.0
"Mike Napoli";33;266.0
"Chris Narveson";33;15.0
"Joe Nathan";40;1.0
"Daniel Nava";32;120.0
"Dioner Navarro";31;54.0
"Efren Navarro";29;54.0
"Rey Navarro";25;10.0
"Kristopher Negron";29;43.0
"Jimmy Nelson";26;30.0
"Hector Neris";26;32.0
"Angel Nesbitt";24;24.0
"Pat Neshek";34;66.0
"Juan Nicasio";28;54.0
"Justin Nicolino";23;13.0
"Jon Niese";28;33.0
"Kirk Nieuwenhuis";27;148.0
"Wil Nieves";37;6.0
"Rico Noel";26;15.0
"Hector Noesi";28;10.0
"Aaron Nola";22;13.0
"Ricky Nolasco";32;9.0
"Sean Nolin";25;6.0
"Nick Noonan";26;14.0
"Bud Norris";30;76.0
"Daniel Norris";22;26.0
"Derek Norris";26;147.0
"Ivan Nova";28;17.0
"Eduardo Nunez";28;72.0
"Vidal Nuno";27;70.0
"Peter O'Brien";24;8.0
"Darren O'Day";32;68.0
"Eric O'Flaherty";30;82.0
"Shawn O'Malley";27;24.0
"Ryan O'Rourke";27;28.0
"Sean O'Sullivan";27;13.0
"Scott Oberg";25;64.0
"Rougned Odor";21;120.0
"Jake Odorizzi";25;28.0
"Alexi Ogando";31;64.0
"Nefi Ogando";26;4.0
"Ross Ohlendorf";32;21.0
"Hector Olivera";30;24.0
"Edgar Olmos";25;6.0
"Tyler Olson";25;11.0
"Mike Olt";26;60.0
"Paulo Orlando";29;86.0
"David Ortiz";39;146.0
"Josh Osich";26;35.0
"Roberto Osuna";20;68.0
"Dan Otero";30;41.0
"Adam Ottavino";29;10.0
"Henry Owens";22;11.0
"Chris Owings";23;147.0
"Marcell Ozuna";24;123.0
"Jordan Pacheco";29;29.0
"Angel Pagan";33;133.0
"Joe Panik";24;100.0
"Jonathan Papelbon";34;118.0
"Jimmy Paredes";26;104.0
"Jarrett Parker";26;21.0
"Kyle Parker";25;46.0
"Chris Parmelee";27;32.0
"Bobby Parnell";30;30.0
"Gerardo Parra";28;310.0
"Manny Parra";32;40.0
"Andy Parrino";29;17.0
"Spencer Patton";27;27.0
"Ben Paulsen";27;116.0
"James Paxton";26;13.0
"James Pazos";24;11.0
"Brad Peacock";27;1.0
"Steve Pearce";32;92.0
"Jake Peavy";34;19.0
"Joc Pederson";23;151.0
"Dustin Pedroia";31;93.0
"Carlos Peguero";28;68.0
"Mike Pelfrey";31;30.0
"Ariel Pena";26;6.0
"Brayan Pena";33;108.0
"Francisco Pena";25;8.0
"Hunter Pence";32;52.0
"Cliff Pennington";31;210.0
"David Peralta";27;149.0
"Jhonny Peralta";33;155.0
"Joel Peralta";39;33.0
"Wily Peralta";26;20.0
"Jose Peraza";21;7.0
"Carlos Perez";24;86.0
"Eury Perez";25;47.0
"Hernan Perez";24;224.0
"Juan Perez";28;22.0
"Martin Perez";24;14.0
"Oliver Perez";33;140.0
"Roberto Perez";26;70.0
"Salvador Perez";25;142.0
"Williams Perez";24;23.0
"Glen Perkins";32;60.0
"Vinnie Pestano";30;19.0
"Jace Peterson";25;152.0
"Shane Peterson";27;93.0
"Gregorio Petit";30;20.0
"Yusmeiro Petit";30;42.0
"Jake Petricka";27;62.0
"Tommy Pham";27;52.0
"Josh Phegley";27;73.0
"David Phelps";28;23.0
"Brandon Phillips";34;148.0
"A.J. Pierzynski";38;113.0
"Kevin Pillar";26;159.0
"Stolmy Pimentel";25;8.0
"Branden Pinder";26;25.0
"Michael Pineda";26;27.0
"Yohan Pino";31;7.0
"Jose Pirela";25;37.0
"Stephen Piscotty";24;63.0
"Kevin Plawecki";24;73.0
"Trevor Plouffe";29;152.0
"Gregory Polanco";23;153.0
"Jorge Polanco";21;4.0
"A.J. Pollock";27;157.0
"Drew Pomeranz";26;53.0
"Dalton Pompey";22;34.0
"Rick Porcello";26;28.0
"Buster Posey";28;150.0
"Martin Prado";31;129.0
"Alex Presley";29;8.0
"Ryan Pressly";26;27.0
"David Price";29;64.0
"Jason Pridie";31;6.0
"Yasiel Puig";24;79.0
"Albert Pujols";35;157.0
"Zach Putnam";27;49.0
"Kevin Quackenbush";26;57.0
"Chad Qualls";36;60.0
"Jose Quintana";26;32.0
"Ryan Raburn";34;82.0
"Alexei Ramirez";33;154.0
"Aramis Ramirez";37;274.0
"Erasmo Ramirez";25;34.0
"Hanley Ramirez";31;105.0
"J.C. Ramirez";26;40.0
"Neil Ramirez";26;19.0
"Noe Ramirez";25;17.0
"A.J. Ramos";28;71.0
"Cesar Ramos";31;65.0
"Wilson Ramos";27;128.0
"Anthony Ranaudo";25;4.0
"Colby Rasmus";28;137.0
"Cory Rasmus";27;16.0
"Rob Rasmussen";26;40.0
"Josh Ravin";27;9.0
"Robbie Ray";23;23.0
"Colin Rea";24;7.0
"J.T. Realmuto";24;126.0
"Chris Rearick";27;5.0
"Anthony Recker";31;32.0
"Josh Reddick";28;149.0
"Todd Redmond";30;7.0
"Addison Reed";26;110.0
"Chris Reed";25;2.0
"Michael Reed";22;7.0
"Rob Refsnyder";24;16.0
"Nolan Reimold";31;61.0
"Anthony Rendon";25;80.0
"Ben Revere";27;304.0
"Jo-Jo Reyes";30;1.0
"Jose Reyes";32;232.0
"Mark Reynolds";31;140.0
"Matt Reynolds";30;18.0
"Clayton Richard";31;23.0
"Garrett Richards";27;32.0
"C.J. Riefenhauser";25;17.0
"Andre Rienzo";26;14.0
"Alex Rios";34;105.0
"Rene Rivera";31;110.0
"Yadiel Rivera";23;7.0
"Felipe Rivero";23;49.0
"Anthony Rizzo";25;160.0
"Donn Roach";25;1.0
"Tanner Roark";28;40.0
"Kenny Roberts";27;30.0
"Dan Robertson";29;37.0
"David Robertson";30;60.0
"Clint Robinson";30;126.0
"Shane Robinson";30;83.0
"Hansel Robles";24;57.0
"Fernando Rodney";38;136.0
"Carlos Rodon";22;26.0
"Alex Rodriguez";39;151.0
"Eduardo Rodriguez";22;21.0
"Fernando Rodriguez";31;56.0
"Francisco Rodriguez";33;60.0
"Paco Rodriguez";24;18.0
"Sean Rodriguez";30;139.0
"Wandy Rodriguez";36;17.0
"Chaz Roe";28;36.0
"Esmil Rogers";29;18.0
"Jason Rogers";27;86.0
"Miguel Rojas";26;60.0
"David Rollins";25;20.0
"Jimmy Rollins";36;144.0
"Jamie Romak";29;12.0
"Enny Romero";24;23.0
"Stefen Romero";26;13.0
"Andrew Romine";29;109.0
"Austin Romine";26;1.0
"Sergio Romo";32;70.0
"Bruce Rondon";24;35.0
"Hector Rondon";27;72.0
"Jorge Rondon";27;20.0
"Adam Rosales";32;55.0
"Eddie Rosario";23;122.0
"Wilin Rosario";26;87.0
"Trevor Rosenthal";25;68.0
"Seth Rosin";26;1.0
"Cody Ross";34;9.0
"David Ross";38;72.0
"Joe Ross";22;17.0
"Robbie Ross";26;54.0
"Tyson Ross";28;34.0
"Zac Rosscup";27;33.0
"Ryan Rua";25;28.0
"Drew Rucinski";26;4.0
"Darin Ruf";28;106.0
"Justin Ruggiano";33;114.0
"Carlos Ruiz";36;86.0
"Nick Rumbelow";23;17.0
"Cameron Rupp";26;81.0
"Chris Rusin";28;27.0
"Addison Russell";21;142.0
"James Russell";29;49.0
"Josh Rutledge";26;39.0
"Brendan Ryan";33;47.0
"Kyle Ryan";23;16.0
"Marc Rzepczynski";29;144.0
"CC Sabathia";34;29.0
"Casey Sadler";24;1.0
"Tyler Saladino";25;68.0
"Fernando Salas";30;72.0
"Danny Salazar";25;30.0
"Chris Sale";26;31.0
"Jarrod Saltalamacchia";30;158.0
"Jeff Samardzija";30;32.0
"Keyvius Sampson";24;13.0
"Aaron Sanchez";22;41.0
"Anibal Sanchez";31;25.0
"Carlos Sanchez";23;120.0
"Gary Sanchez";22;2.0
"Hector Sanchez";25;28.0
"Tony Sanchez";27;3.0
"Pablo Sandoval";28;126.0
"Jerry Sands";27;50.0
"Miguel Sano";22;80.0
"Carlos Santana";29;154.0
"Danny Santana";24;91.0
"Domingo Santana";22;104.0
"Ervin Santana";32;17.0
"Hector Santiago";27;33.0
"Sergio Santos";31;28.0
"Luis Sardinas";22;36.0
"Michael Saunders";28;9.0
"Rob Scahill";28;28.0
"Jordan Schafer";28;27.0
"Logan Schafer";28;69.0
"Scott Schebler";24;19.0
"Tanner Scheppers";28;42.0
"Max Scherzer";30;34.0
"Brian Schlitter";29;10.0
"Jonathan Schoop";23;86.0
"A.J. Schugel";26;5.0
"Bo Schultz";29;31.0
"Skip Schumaker";35;131.0
"Kyle Schwarber";22;69.0
"Evan Scribner";29;54.0
"Xavier Scruggs";27;17.0
"Corey Seager";21;27.0
"Kyle Seager";27;161.0
"Jean Segura";25;142.0
"Marcus Semien";24;155.0
"Luis Severino";21;11.0
"Pedro Severino";21;2.0
"Richie Shaffer";24;31.0
"Bryan Shaw";27;74.0
"Travis Shaw";25;65.0
"James Shields";33;36.0
"Matt Shoemaker";28;25.0
"Chasen Shreve";24;59.0
"J.B. Shuck";28;79.0
"Kevin Siegrist";25;81.0
"Andrelton Simmons";25;147.0
"Alfredo Simon";34;31.0
"Jon Singleton";23;19.0
"Tony Sipp";31;60.0
"Grady Sizemore";32;194.0
"Carson Smith";25;70.0
"Chad Smith";25;2.0
"Joe Smith";31;70.0
"Josh Smith";27;10.0
"Seth Smith";32;136.0
"Will Smith";25;76.0
"Justin Smoak";28;132.0
"Jake Smolinski";26;152.0
"Drew Smyly";26;12.0
"Travis Snider";27;174.0
"Miguel Socolovich";28;28.0
"Eric Sogard";29;120.0
"Donovan Solano";27;55.0
"Jhonatan Solano";29;7.0
"Yangervis Solarte";27;152.0
"Jorge Soler";23;101.0
"Sammy Solis";26;18.0
"Joakim Soria";31;144.0
"Rafael Soriano";35;6.0
"Geovany Soto";32;78.0
"Giovanni Soto";24;6.0
"Steven Souza";26;110.0
"Denard Span";31;61.0
"Cory Spangenberg";24;108.0
"George Springer";25;102.0
"Craig Stammen";31;5.0
"Cody Stanley";26;9.0
"Giancarlo Stanton";25;74.0
"Max Stassi";24;11.0
"Tim Stauffer";33;36.0
"Chris Stewart";33;58.0
"Matt Stites";25;11.0
"Drew Storen";27;58.0
"Dan Straily";26;4.0
"Stephen Strasburg";26;23.0
"Ryan Strausborger";27;31.0
"Huston Street";31;62.0
"Hunter Strickland";26;55.0
"Marcus Stroman";24;4.0
"Pedro Strop";30;76.0
"Drew Stubbs";30;156.0
"Eric Stults";35;9.0
"Eugenio Suarez";23;97.0
"Jesus Sucre";27;52.0
"Andrew Susac";25;52.0
"Ichiro Suzuki";41;153.0
"Kurt Suzuki";31;131.0
"Anthony Swarzak";29;10.0
"Darnell Sweeney";24;37.0
"Blake Swihart";23;84.0
"Nick Swisher";34;152.0
"Noah Syndergaard";22;24.0
"Matt Szczur";25;47.0
"Jose Tabata";26;27.0
"Masahiro Tanaka";26;24.0
"Travis Tartamella";27;3.0
"Chris Taylor";24;37.0
"Michael Taylor";24;138.0
"Junichi Tazawa";29;61.0
"Everett Teaford";31;4.0
"Taylor Teagarden";31;8.0
"Julio Teheran";24;33.0
"Mark Teixeira";35;111.0
"Ruben Tejada";25;116.0
"Tomas Telis";24;46.0
"Ryan Tepera";27;32.0
"Joey Terdoslavich";26;28.0
"Joe Thatcher";33;43.0
"Dale Thayer";34;38.0
"Caleb Thielbar";28;6.0
"Josh Thole";28;18.0
"Ian Thomas";28;28.0
"Aaron Thompson";28;41.0
"Trayce Thompson";24;44.0
"Tyler Thornburg";26;24.0
"Matt Thornton";38;60.0
"Chris Tillman";27;31.0
"Shawn Tolleson";27;73.0
"Steven Tolleson";31;19.0
"Yasmany Tomas";24;118.0
"Josh Tomlin";30;10.0
"Kelby Tomlinson";25;54.0
"Michael Tonkin";25;26.0
"Alex Torres";27;39.0
"Carlos Torres";32;59.0
"Ronald Torreyes";22;8.0
"Matt Tracy";26;1.0
"Devon Travis";24;62.0
"Blake Treinen";27;60.0
"Nick Tropeano";24;8.0
"Mike Trout";23;159.0
"Mark Trumbo";29;284.0
"Chin-hui Tsao";34;5.0
"Preston Tucker";24;98.0
"Sam Tuivailala";22;14.0
"Troy Tulowitzki";30;256.0
"Justin Turner";30;126.0
"Trea Turner";22;27.0
"Koji Uehara";40;43.0
"Dan Uggla";35;67.0
"Justin Upton";27;150.0
"Melvin Upton";30;87.0
"Jose Urena";23;20.0
"Juan Uribe";36;238.0
"Henry Urrutia";28;10.0
"Giovanny Urshela";23;81.0
"Chase Utley";36;214.0
"Luis Valbuena";29;132.0
"Jordany Valdespin";27;2.0
"Jose Valdez";25;7.0
"Danny Valencia";30;210.0
"Scott Van Slyke";28;96.0
"Jason Vargas";32;9.0
"Kennys Vargas";24;58.0
"Anthony Varvaro";30;9.0
"Donnie Veal";30;5.0
"Vincent Velasquez";23;19.0
"Will Venable";32;270.0
"Pat Venditte";30;26.0
"Yordano Ventura";24;28.0
"Drew VerHagen";24;20.0
"Justin Verlander";32;20.0
"Logan Verrett";25;36.0
"Shane Victorino";34;142.0
"Carlos Villanueva";31;35.0
"Jonathan Villar";24;53.0
"Pedro Villarreal";27;29.0
"Nick Vincent";28;26.0
"Arodys Vizcaino";24;36.0
"Ryan Vogelsong";37;33.0
"Stephen Vogt";30;136.0
"Edinson Volquez";31;34.0
"Chris Volstad";28;1.0
"Joey Votto";31;158.0
"Michael Wacha";23;30.0
"Tsuyoshi Wada";34;8.0
"Tyler Wagner";24;3.0
"Adam Wainwright";33;7.0
"Jordan Walden";27;12.0
"Kyle Waldrop";23;1.0
"Christian Walker";24;7.0
"Neil Walker";29;151.0
"Taijuan Walker";22;29.0
"Brett Wallace";28;64.0
"Zach Walters";25;12.0
"Adam Warren";27;43.0
"Tony Watson";30;77.0
"Jered Weaver";32;26.0
"Daniel Webb";25;27.0
"Ryan Webb";29;40.0
"Ryan Weber";24;5.0
"Allen Webster";25;9.0
"Jemile Weeks";28;3.0
"Rickie Weeks";32;37.0
"Jayson Werth";36;88.0
"Matt West";26;2.0
"Chase Whitley";26;4.0
"Joe Wieland";25;2.0
"Matt Wieters";29;75.0
"Tom Wilhelmsen";31;53.0
"Adam Wilk";27;1.0
"Jackson Williams";29;7.0
"Jerome Williams";33;33.0
"Mason Williams";23;8.0
"Mac Williamson";24;10.0
"Alex Wilson";28;59.0
"Bobby Wilson";32;112.0
"C.J. Wilson";34;21.0
"Josh Wilson";34;21.0
"Justin Wilson";27;74.0
"Tyler Wilson";25;9.0
"Daniel Winkler";25;2.0
"Matt Wisler";22;21.0
"Asher Wojciechowski";26;5.0
"Randy Wolf";38;8.0
"Kolten Wong";24;150.0
"Alex Wood";24;64.0
"Travis Wood";28;60.0
"Rob Wooten";29;4.0
"Vance Worley";27;24.0
"David Wright";32;38.0
"Mike Wright";25;12.0
"Steven Wright";30;16.0
"Wesley Wright";30;22.0
"Kirby Yates";28;20.0
"Christian Yelich";23;126.0
"Rafael Ynoa";27;72.0
"Delmon Young";29;52.0
"Eric Young";30;106.0
"Brad Ziegler";35;66.0
"Ryan Zimmerman";30;95.0
"Jordan Zimmermann";29;33.0
"Barry Zito";37;3.0
"Ben Zobrist";34;252.0
"Mike Zunino";24;112.0
"Tony Zych";24;13.0
